{
  "step_name": "Step 1: Low Concurrency Baseline",
  "test_duration_secs": 20.853606931,
  "concurrency": 50, //50个用户
  "total_sent": 1352,
  "total_received": 1352,
  "total_login_failures": 0,
  "total_send_errors": 0,
  "send_tps": 64.83290897701633, // 吞吐量约为每秒65条消息
  "receive_tps": 64.83290897701633,
  "latency": {
    "mean_ms": 0.027572485207100594,//平均延迟
    "p50_ms": 0.018,
    "p95_ms": 0.052,
    "p99_ms": 0.095, //99%的消息广播延迟时间
    "max_ms": 3.899
  }
}

{
  "step_name": "Step 2: High Throughput Test",
  "test_duration_secs": 30.278579134,
  "concurrency": 250,
  "total_sent": 59609,
  "total_received": 59609,
  "total_login_failures": 0,
  "total_send_errors": 0,
  "send_tps": 1968.6855098515732,
  "receive_tps": 1968.6855098515732,
  "latency": {
    "mean_ms": 0.011336006307772326,
    "p50_ms": 0.013,
    "p95_ms": 0.019,
    "p99_ms": 0.042,
    "max_ms": 4.399
  }
}